Player,Team,Salary,Color,Player,Team
2012,,$0,0,,
Pune Warriors,2012,$0,0,,
Kings XI Punjab,2012,$0,0,,
Deccan Chargers,2012,$0,0,,
Chennai Super Kings,2012,$0,0,,
Kolkata Knight Riders,2012,$0,0,,
Rajasthan Royals,2012,$0,0,,
Delhi Daredevils,2012,$0,0,,
Mumbai Indians,2012,$0,0,,
Royal Challengers Bangalore,2012,$0,0,,
DE Bollinger,Chennai Super Kings,"$700,000","700,000",DE Bollinger,Chennai Super Kings
DJ Bravo,Chennai Super Kings,"$200,000","200,000",DJ Bravo,Chennai Super Kings
JA Morkel,Chennai Super Kings,"$675,000","675,000",JA Morkel,Chennai Super Kings
MEK Hussey,Chennai Super Kings,"$425,000","425,000",MEK Hussey,Chennai Super Kings
MS Dhoni,Chennai Super Kings,"$1,500,000","1,500,000",MS Dhoni,Chennai Super Kings
R Ashwin,Chennai Super Kings,"$850,000","850,000",R Ashwin,Chennai Super Kings
RA Jadeja,Chennai Super Kings,"$2,000,000","2,000,000",RA Jadeja,Chennai Super Kings
S Badrinath,Chennai Super Kings,"$800,000","800,000",S Badrinath,Chennai Super Kings
SK Raina,Chennai Super Kings,"$650,000","650,000",SK Raina,Chennai Super Kings
WP Saha,Chennai Super Kings,"$100,000","100,000",WP Saha,Chennai Super Kings
A Mishra,Deccan Chargers,"$300,000","300,000",A Mishra,Deccan Chargers
CL White,Deccan Chargers,"$1,100,000","1,100,000",CL White,Deccan Chargers
DJ Harris,Deccan Chargers,"$70,000","70,000",DJ Harris,Deccan Chargers
DT Christian,Deccan Chargers,"$900,000","900,000",DT Christian,Deccan Chargers
DW Steyn,Deccan Chargers,"$1,200,000","1,200,000",DW Steyn,Deccan Chargers
JP Duminy,Deccan Chargers,"$300,000","300,000",JP Duminy,Deccan Chargers
KC Sangakkara,Deccan Chargers,"$700,000","700,000",KC Sangakkara,Deccan Chargers
MS Gony,Deccan Chargers,"$290,000","290,000",MS Gony,Deccan Chargers
PA Patel,Deccan Chargers,"$650,000","650,000",PA Patel,Deccan Chargers
S Dhawan,Deccan Chargers,"$300,000","300,000",S Dhawan,Deccan Chargers
AB Agarkar,Delhi Daredevils,"$210,000","210,000",AB Agarkar,Delhi Daredevils
AD Russell,Delhi Daredevils,"$450,000","450,000",AD Russell,Delhi Daredevils
AJ Finch,Delhi Daredevils,"$300,000","300,000",AJ Finch,Delhi Daredevils
DA Warner,Delhi Daredevils,"$750,000","750,000",DA Warner,Delhi Daredevils
DAJ Bracewell,Delhi Daredevils,"$50,000","50,000",DAJ Bracewell,Delhi Daredevils
DPMD Jayawardene,Delhi Daredevils,"$1,400,000","1,400,000",DPMD Jayawardene,Delhi Daredevils
IK Pathan,Delhi Daredevils,"$1,900,000","1,900,000",IK Pathan,Delhi Daredevils
KP Pietersen,Delhi Daredevils,"$1,550,000","1,550,000",KP Pietersen,Delhi Daredevils
LRPL Taylor,Delhi Daredevils,"$1,000,000","1,000,000",LRPL Taylor,Delhi Daredevils
M Morkel,Delhi Daredevils,"$475,000","475,000",M Morkel,Delhi Daredevils
NV Ojha,Delhi Daredevils,"$270,000","270,000",NV Ojha,Delhi Daredevils
RE van der Merwe,Delhi Daredevils,"$50,000","50,000",RE van der Merwe,Delhi Daredevils
Y Venugopal Rao,Delhi Daredevils,"$700,000","700,000",Y Venugopal Rao,Delhi Daredevils
AC Gilchrist,Kings XI Punjab,"$900,000","900,000",AC Gilchrist,Kings XI Punjab
AM Nayar,Kings XI Punjab,"$800,000","800,000",AM Nayar,Kings XI Punjab
Azhar Mahmood,Kings XI Punjab,"$200,000","200,000",Azhar Mahmood,Kings XI Punjab
DJ Hussey,Kings XI Punjab,"$1,400,000","1,400,000",DJ Hussey,Kings XI Punjab
JP Faulkner,Kings XI Punjab,"$190,000","190,000",JP Faulkner,Kings XI Punjab
P Kumar,Kings XI Punjab,"$800,000","800,000",P Kumar,Kings XI Punjab
PP Chawla,Kings XI Punjab,"$900,000","900,000",PP Chawla,Kings XI Punjab
RJ Harris,Kings XI Punjab,"$325,000","325,000",RJ Harris,Kings XI Punjab
RR Powar,Kings XI Punjab,"$180,000","180,000",RR Powar,Kings XI Punjab
SE Marsh,Kings XI Punjab,"$400,000","400,000",SE Marsh,Kings XI Punjab
B Lee,Kolkata Knight Riders,"$400,000","400,000",B Lee,Kolkata Knight Riders
BB McCullum,Kolkata Knight Riders,"$900,000","900,000",BB McCullum,Kolkata Knight Riders
G Gambhir,Kolkata Knight Riders,"$2,400,000","2,400,000",G Gambhir,Kolkata Knight Riders
JH Kallis,Kolkata Knight Riders,"$1,100,000","1,100,000",JH Kallis,Kolkata Knight Riders
L Balaji,Kolkata Knight Riders,"$500,000","500,000",L Balaji,Kolkata Knight Riders
MK Tiwary,Kolkata Knight Riders,"$475,000","475,000",MK Tiwary,Kolkata Knight Riders
RN ten Doeschate,Kolkata Knight Riders,"$150,000","150,000",RN ten Doeschate,Kolkata Knight Riders
Shakib Al Hasan,Kolkata Knight Riders,"$425,000","425,000",Shakib Al Hasan,Kolkata Knight Riders
SP Narine,Kolkata Knight Riders,"$700,000","700,000",SP Narine,Kolkata Knight Riders
YK Pathan,Kolkata Knight Riders,"$2,100,000","2,100,000",YK Pathan,Kolkata Knight Riders
AC Blizzard,Mumbai Indians,"$20,000","20,000",AC Blizzard,Mumbai Indians
DJ Jacobs,Mumbai Indians,"$190,000","190,000",DJ Jacobs,Mumbai Indians
DR Smith,Mumbai Indians,"$100,000","100,000",DR Smith,Mumbai Indians
Harbhajan Singh,Mumbai Indians,"$850,000","850,000",Harbhajan Singh,Mumbai Indians
HH Gibbs,Mumbai Indians,"$50,000","50,000",HH Gibbs,Mumbai Indians
JEC Franklin,Mumbai Indians,"$100,000","100,000",JEC Franklin,Mumbai Indians
KA Pollard,Mumbai Indians,"$750,000","750,000",KA Pollard,Mumbai Indians
KD Karthik,Mumbai Indians,"$900,000","900,000",KD Karthik,Mumbai Indians
MM Patel,Mumbai Indians,"$700,000","700,000",MM Patel,Mumbai Indians
NLTC Perera,Mumbai Indians,"$650,000","650,000",NLTC Perera,Mumbai Indians
RG Sharma,Mumbai Indians,"$2,000,000","2,000,000",RG Sharma,Mumbai Indians
RJ Peterson,Mumbai Indians,"$100,000","100,000",RJ Peterson,Mumbai Indians
RP Singh,Mumbai Indians,"$600,000","600,000",RP Singh,Mumbai Indians
AB Dinda,Pune Warriors,"$375,000","375,000",AB Dinda,Pune Warriors
AC Thomas,Pune Warriors,"$100,000","100,000",AC Thomas,Pune Warriors
CJ Ferguson,Pune Warriors,"$300,000","300,000",CJ Ferguson,Pune Warriors
JD Ryder,Pune Warriors,"$150,000","150,000",JD Ryder,Pune Warriors
M Kartik,Pune Warriors,"$400,000","400,000",M Kartik,Pune Warriors
RV Uthappa,Pune Warriors,"$2,100,000","2,100,000",RV Uthappa,Pune Warriors
SC Ganguly,Pune Warriors,"$400,000","400,000",SC Ganguly,Pune Warriors
WD Parnell,Pune Warriors,"$160,000","160,000",WD Parnell,Pune Warriors
BJ Hodge,Rajasthan Royals,"$475,000","475,000",BJ Hodge,Rajasthan Royals
GB Hogg,Rajasthan Royals,"$180,000","180,000",GB Hogg,Rajasthan Royals
J Botha,Rajasthan Royals,"$950,000","950,000",J Botha,Rajasthan Royals
K Cooper,Rajasthan Royals,"$50,000","50,000",K Cooper,Rajasthan Royals
OA Shah,Rajasthan Royals,"$200,000","200,000",OA Shah,Rajasthan Royals
R Dravid,Rajasthan Royals,"$500,000","500,000",R Dravid,Rajasthan Royals
SR Watson,Rajasthan Royals,"$125,000","125,000",SR Watson,Rajasthan Royals
SW Tait,Rajasthan Royals,"$300,000","300,000",SW Tait,Rajasthan Royals
A Mithun,Royal Challengers Bangalore,"$260,000","260,000",A Mithun,Royal Challengers Bangalore
AB de Villiers,Royal Challengers Bangalore,"$1,100,000","1,100,000",AB de Villiers,Royal Challengers Bangalore
AB McDonald,Royal Challengers Bangalore,"$80,000","80,000",AB McDonald,Royal Challengers Bangalore
CA Pujara,Royal Challengers Bangalore,"$700,000","700,000",CA Pujara,Royal Challengers Bangalore
CH Gayle,Royal Challengers Bangalore,"$650,000","650,000",CH Gayle,Royal Challengers Bangalore
DL Vettori,Royal Challengers Bangalore,"$550,000","550,000",DL Vettori,Royal Challengers Bangalore
M Kaif,Royal Challengers Bangalore,"$130,000","130,000",M Kaif,Royal Challengers Bangalore
M Muralitharan,Royal Challengers Bangalore,"$220,000","220,000",M Muralitharan,Royal Challengers Bangalore
R Vinay Kumar,Royal Challengers Bangalore,"$1,000,000","1,000,000",R Vinay Kumar,Royal Challengers Bangalore
SS Tiwary,Royal Challengers Bangalore,"$1,600,000","1,600,000",SS Tiwary,Royal Challengers Bangalore
TM Dilshan,Royal Challengers Bangalore,"$650,000","650,000",TM Dilshan,Royal Challengers Bangalore
Z Khan,Royal Challengers Bangalore,"$900,000","900,000",Z Khan,Royal Challengers Bangalore
