Player,Team,Salary,Color,Player,Team
2015,,$0,0,,
Chennai Super Kings,2015,$0,0,,
Rajasthan Royals,2015,$0,0,,
Kings XI Punjab,2015,$0,0,,
Delhi Daredevils,2015,$0,0,,
Mumbai Indians,2015,$0,0,,
Kolkata Knight Riders,2015,$0,0,,
Sunrisers Hyderabad,2015,$0,0,,
Royal Challengers Bangalore,2015,$0,0,,
A Nehra,Chennai Super Kings,"$333,000","333,000",A Nehra,Chennai Super Kings
BB McCullum,Chennai Super Kings,"$541,000","541,000",BB McCullum,Chennai Super Kings
DJ Bravo,Chennai Super Kings,"$666,667","666,667",DJ Bravo,Chennai Super Kings
DR Smith,Chennai Super Kings,"$750,000","750,000",DR Smith,Chennai Super Kings
F du Plessis,Chennai Super Kings,"$791,000","791,000",F du Plessis,Chennai Super Kings
IC Pandey,Chennai Super Kings,"$250,000","250,000",IC Pandey,Chennai Super Kings
KJ Abbott,Chennai Super Kings,"$50,000","50,000",KJ Abbott,Chennai Super Kings
M Manhas,Chennai Super Kings,"$50,000","50,000",M Manhas,Chennai Super Kings
MEK Hussey,Chennai Super Kings,"$250,000","250,000",MEK Hussey,Chennai Super Kings
MJ Henry,Chennai Super Kings,"$50,000","50,000",MJ Henry,Chennai Super Kings
MM Sharma,Chennai Super Kings,"$333,000","333,000",MM Sharma,Chennai Super Kings
MS Dhoni,Chennai Super Kings,"$2,083,333","2,083,333",MS Dhoni,Chennai Super Kings
P Negi,Chennai Super Kings,"$16,000","16,000",P Negi,Chennai Super Kings
R Ashwin,Chennai Super Kings,"$1,250,000","1,250,000",R Ashwin,Chennai Super Kings
R Sharma,Chennai Super Kings,"$50,000","50,000",R Sharma,Chennai Super Kings
RA Jadeja,Chennai Super Kings,"$916,667","916,667",RA Jadeja,Chennai Super Kings
RG More,Chennai Super Kings,"$16,000","16,000",RG More,Chennai Super Kings
S Badree,Chennai Super Kings,"$50,000","50,000",S Badree,Chennai Super Kings
SK Raina,Chennai Super Kings,"$1,583,333","1,583,333",SK Raina,Chennai Super Kings
A Mishra,Delhi Daredevils,"$583,333","583,333",A Mishra,Delhi Daredevils
AD Mathews,Delhi Daredevils,"$1,250,000","1,250,000",AD Mathews,Delhi Daredevils
CM Gautam,Delhi Daredevils,"$33,333","33,333",CM Gautam,Delhi Daredevils
DJ Muthuswami,Delhi Daredevils,"$125,000","125,000",DJ Muthuswami,Delhi Daredevils
GS Sandhu,Delhi Daredevils,"$283,333","283,333",GS Sandhu,Delhi Daredevils
J Yadav,Delhi Daredevils,"$16,000","16,000",J Yadav,Delhi Daredevils
JA Morkel,Delhi Daredevils,"$50,000","50,000",JA Morkel,Delhi Daredevils
JD Unadkat,Delhi Daredevils,"$183,333","183,333",JD Unadkat,Delhi Daredevils
JP Duminy,Delhi Daredevils,"$366,000","366,000",JP Duminy,Delhi Daredevils
KM Jadhav,Delhi Daredevils,"$333,000","333,000",KM Jadhav,Delhi Daredevils
MA Agarwal,Delhi Daredevils,"$266,000","266,000",MA Agarwal,Delhi Daredevils
MK Tiwary,Delhi Daredevils,"$466,000","466,000",MK Tiwary,Delhi Daredevils
Mohammed Shami,Delhi Daredevils,"$708,000","708,000",Mohammed Shami,Delhi Daredevils
NM Coulter-Nile,Delhi Daredevils,"$708,000","708,000",NM Coulter-Nile,Delhi Daredevils
Q de Kock,Delhi Daredevils,"$583,000","583,000",Q de Kock,Delhi Daredevils
S Nadeem,Delhi Daredevils,"$141,000","141,000",S Nadeem,Delhi Daredevils
SS Iyer,Delhi Daredevils,"$433,333","433,333",SS Iyer,Delhi Daredevils
SS Tiwary,Delhi Daredevils,"$116,000","116,000",SS Tiwary,Delhi Daredevils
Yuvraj Singh,Delhi Daredevils,"$2,666,667","2,666,667",Yuvraj Singh,Delhi Daredevils
Z Khan,Delhi Daredevils,"$666,667","666,667",Z Khan,Delhi Daredevils
Anureet Singh,Kings XI Punjab,"$33,000","33,000",Anureet Singh,Kings XI Punjab
AR Patel,Kings XI Punjab,"$125,000","125,000",AR Patel,Kings XI Punjab
BE Hendricks,Kings XI Punjab,"$300,000","300,000",BE Hendricks,Kings XI Punjab
DA Miller,Kings XI Punjab,"$833,333","833,333",DA Miller,Kings XI Punjab
GJ Bailey,Kings XI Punjab,"$541,000","541,000",GJ Bailey,Kings XI Punjab
GJ Maxwell,Kings XI Punjab,"$1,000,000","1,000,000",GJ Maxwell,Kings XI Punjab
Gurkeerat Singh,Kings XI Punjab,"$216,000","216,000",Gurkeerat Singh,Kings XI Punjab
Karanveer Singh,Kings XI Punjab,"$16,000","16,000",Karanveer Singh,Kings XI Punjab
M Vijay,Kings XI Punjab,"$500,000","500,000",M Vijay,Kings XI Punjab
M Vohra,Kings XI Punjab,"$58,333","58,333",M Vohra,Kings XI Punjab
MG Johnson,Kings XI Punjab,"$1,083,000","1,083,000",MG Johnson,Kings XI Punjab
NLTC Perera,Kings XI Punjab,"$266,000","266,000",NLTC Perera,Kings XI Punjab
NS Naik,Kings XI Punjab,"$50,000","50,000",NS Naik,Kings XI Punjab
P Awana,Kings XI Punjab,"$108,000","108,000",P Awana,Kings XI Punjab
R Dhawan,Kings XI Punjab,"$500,000","500,000",R Dhawan,Kings XI Punjab
Sandeep Sharma,Kings XI Punjab,"$141,000","141,000",Sandeep Sharma,Kings XI Punjab
SE Marsh,Kings XI Punjab,"$366,000","366,000",SE Marsh,Kings XI Punjab
Shivam Sharma,Kings XI Punjab,"$16,000","16,000",Shivam Sharma,Kings XI Punjab
SN Thakur,Kings XI Punjab,"$33,000","33,000",SN Thakur,Kings XI Punjab
V Sehwag,Kings XI Punjab,"$533,000","533,000",V Sehwag,Kings XI Punjab
WP Saha,Kings XI Punjab,"$366,000","366,000",WP Saha,Kings XI Punjab
AD Russell,Kolkata Knight Riders,"$100,000","100,000",AD Russell,Kolkata Knight Riders
Azhar Mahmood,Kolkata Knight Riders,"$200,000","200,000",Azhar Mahmood,Kolkata Knight Riders
CA Lynn,Kolkata Knight Riders,"$216,000","216,000",CA Lynn,Kolkata Knight Riders
G Gambhir,Kolkata Knight Riders,"$1,666,667","1,666,667",G Gambhir,Kolkata Knight Riders
GB Hogg,Kolkata Knight Riders,"$83,333","83,333",GB Hogg,Kolkata Knight Riders
J Botha,Kolkata Knight Riders,"$950,000","950,000",J Botha,Kolkata Knight Riders
JDS Neesham,Kolkata Knight Riders,"$83,333","83,333",JDS Neesham,Kolkata Knight Riders
KC Cariappa,Kolkata Knight Riders,"$400,000","400,000",KC Cariappa,Kolkata Knight Riders
Kuldeep Yadav,Kolkata Knight Riders,"$66,000","66,000",Kuldeep Yadav,Kolkata Knight Riders
M Morkel,Kolkata Knight Riders,"$466,000","466,000",M Morkel,Kolkata Knight Riders
MK Pandey,Kolkata Knight Riders,"$283,000","283,000",MK Pandey,Kolkata Knight Riders
PP Chawla,Kolkata Knight Riders,"$708,000","708,000",PP Chawla,Kolkata Knight Riders
RN ten Doeschate,Kolkata Knight Riders,"$166,000","166,000",RN ten Doeschate,Kolkata Knight Riders
RV Uthappa,Kolkata Knight Riders,"$833,000","833,000",RV Uthappa,Kolkata Knight Riders
S Narwal,Kolkata Knight Riders,"$16,667","16,667",S Narwal,Kolkata Knight Riders
SA Yadav,Kolkata Knight Riders,"$116,000","116,000",SA Yadav,Kolkata Knight Riders
Shakib Al Hasan,Kolkata Knight Riders,"$466,000","466,000",Shakib Al Hasan,Kolkata Knight Riders
SP Narine,Kolkata Knight Riders,"$700,000","700,000",SP Narine,Kolkata Knight Riders
UT Yadav,Kolkata Knight Riders,"$433,000","433,000",UT Yadav,Kolkata Knight Riders
V Pratap Singh,Kolkata Knight Riders,"$66,000","66,000",V Pratap Singh,Kolkata Knight Riders
YK Pathan,Kolkata Knight Riders,"$541,000","541,000",YK Pathan,Kolkata Knight Riders
AJ Finch,Mumbai Indians,"$533,333","533,333",AJ Finch,Mumbai Indians
AP Tare,Mumbai Indians,"$266,000","266,000",AP Tare,Mumbai Indians
CJ Anderson,Mumbai Indians,"$750,000","750,000",CJ Anderson,Mumbai Indians
Harbhajan Singh,Mumbai Indians,"$1,333,333","1,333,333",Harbhajan Singh,Mumbai Indians
HH Pandya,Mumbai Indians,"$16,667","16,667",HH Pandya,Mumbai Indians
J Suchith,Mumbai Indians,"$16,667","16,667",J Suchith,Mumbai Indians
JJ Bumrah,Mumbai Indians,"$200,000","200,000",JJ Bumrah,Mumbai Indians
KA Pollard,Mumbai Indians,"$900,000","900,000",KA Pollard,Mumbai Indians
M de Lange,Mumbai Indians,"$50,000","50,000",M de Lange,Mumbai Indians
MJ McClenaghan,Mumbai Indians,"$50,000","50,000",MJ McClenaghan,Mumbai Indians
P Suyal,Mumbai Indians,"$16,000","16,000",P Suyal,Mumbai Indians
PA Patel,Mumbai Indians,"$233,000","233,000",PA Patel,Mumbai Indians
PP Ojha,Mumbai Indians,"$83,333","83,333",PP Ojha,Mumbai Indians
R Vinay Kumar,Mumbai Indians,"$466,000","466,000",R Vinay Kumar,Mumbai Indians
RG Sharma,Mumbai Indians,"$1,916,667","1,916,667",RG Sharma,Mumbai Indians
S Gopal,Mumbai Indians,"$16,000","16,000",S Gopal,Mumbai Indians
SL Malinga,Mumbai Indians,"$1,350,000","1,350,000",SL Malinga,Mumbai Indians
UBT Chand,Mumbai Indians,"$108,000","108,000",UBT Chand,Mumbai Indians
AM Nayar,Rajasthan Royals,"$166,000","166,000",AM Nayar,Rajasthan Royals
AM Rahane,Rajasthan Royals,"$1,333,333","1,333,333",AM Rahane,Rajasthan Royals
BCJ Cutting,Rajasthan Royals,"$133,000","133,000",BCJ Cutting,Rajasthan Royals
CH Morris,Rajasthan Royals,"$233,333","233,333",CH Morris,Rajasthan Royals
DH Yagnik,Rajasthan Royals,"$50,000","50,000",DH Yagnik,Rajasthan Royals
DJ Hooda,Rajasthan Royals,"$66,000","66,000",DJ Hooda,Rajasthan Royals
DS Kulkarni,Rajasthan Royals,"$183,000","183,000",DS Kulkarni,Rajasthan Royals
J Theron,Rajasthan Royals,"$50,000","50,000",J Theron,Rajasthan Royals
JP Faulkner,Rajasthan Royals,"$850,000","850,000",JP Faulkner,Rajasthan Royals
KK Nair,Rajasthan Royals,"$125,000","125,000",KK Nair,Rajasthan Royals
KW Richardson,Rajasthan Royals,"$166,000","166,000",KW Richardson,Rajasthan Royals
PV Tambe,Rajasthan Royals,"$16,000","16,000",PV Tambe,Rajasthan Royals
R Bhatia,Rajasthan Royals,"$283,000","283,000",R Bhatia,Rajasthan Royals
SPD Smith,Rajasthan Royals,"$666,000","666,000",SPD Smith,Rajasthan Royals
SR Watson,Rajasthan Royals,"$1,300,000","1,300,000",SR Watson,Rajasthan Royals
TG Southee,Rajasthan Royals,"$200,000","200,000",TG Southee,Rajasthan Royals
VS Malik,Rajasthan Royals,"$33,000","33,000",VS Malik,Rajasthan Royals
AB de Villiers,Royal Challengers Bangalore,"$1,583,333","1,583,333",AB de Villiers,Royal Challengers Bangalore
AB Dinda,Royal Challengers Bangalore,"$250,000","250,000",AB Dinda,Royal Challengers Bangalore
AF Milne,Royal Challengers Bangalore,"$116,667","116,667",AF Milne,Royal Challengers Bangalore
AN Ahmed,Royal Challengers Bangalore,"$50,000","50,000",AN Ahmed,Royal Challengers Bangalore
CH Gayle,Royal Challengers Bangalore,"$1,400,000","1,400,000",CH Gayle,Royal Challengers Bangalore
D Wiese,Royal Challengers Bangalore,"$466,667","466,667",D Wiese,Royal Challengers Bangalore
DJG Sammy,Royal Challengers Bangalore,"$466,667","466,667",DJG Sammy,Royal Challengers Bangalore
HV Patel,Royal Challengers Bangalore,"$66,000","66,000",HV Patel,Royal Challengers Bangalore
Iqbal Abdulla,Royal Challengers Bangalore,"$108,000","108,000",Iqbal Abdulla,Royal Challengers Bangalore
Jalaj S Saxena,Royal Challengers Bangalore,"$16,667","16,667",Jalaj S Saxena,Royal Challengers Bangalore
KD Karthik,Royal Challengers Bangalore,"$1,750,000","1,750,000",KD Karthik,Royal Challengers Bangalore
MA Starc,Royal Challengers Bangalore,"$833,000","833,000",MA Starc,Royal Challengers Bangalore
Mandeep Singh,Royal Challengers Bangalore,"$133,000","133,000",Mandeep Singh,Royal Challengers Bangalore
MS Bisla,Royal Challengers Bangalore,"$100,000","100,000",MS Bisla,Royal Challengers Bangalore
NJ Maddinson,Royal Challengers Bangalore,"$83,000","83,000",NJ Maddinson,Royal Challengers Bangalore
S Badrinath,Royal Challengers Bangalore,"$50,000","50,000",S Badrinath,Royal Challengers Bangalore
SA Abbott,Royal Challengers Bangalore,"$166,667","166,667",SA Abbott,Royal Challengers Bangalore
SN Khan,Royal Challengers Bangalore,"$83,333","83,333",SN Khan,Royal Challengers Bangalore
V Kohli,Royal Challengers Bangalore,"$2,500,000","2,500,000",V Kohli,Royal Challengers Bangalore
VH Zol,Royal Challengers Bangalore,"$50,000","50,000",VH Zol,Royal Challengers Bangalore
VR Aaron,Royal Challengers Bangalore,"$333,000","333,000",VR Aaron,Royal Challengers Bangalore
YS Chahal,Royal Challengers Bangalore,"$16,000","16,000",YS Chahal,Royal Challengers Bangalore
YV Takawale,Royal Challengers Bangalore,"$16,000","16,000",YV Takawale,Royal Challengers Bangalore
A Ashish Reddy,Sunrisers Hyderabad,"$33,000","33,000",A Ashish Reddy,Sunrisers Hyderabad
B Kumar,Sunrisers Hyderabad,"$708,000","708,000",B Kumar,Sunrisers Hyderabad
DA Warner,Sunrisers Hyderabad,"$916,000","916,000",DA Warner,Sunrisers Hyderabad
DW Steyn,Sunrisers Hyderabad,"$1,200,000","1,200,000",DW Steyn,Sunrisers Hyderabad
EJG Morgan,Sunrisers Hyderabad,"$250,000","250,000",EJG Morgan,Sunrisers Hyderabad
GH Vihari,Sunrisers Hyderabad,"$16,667","16,667",GH Vihari,Sunrisers Hyderabad
I Sharma,Sunrisers Hyderabad,"$433,000","433,000",I Sharma,Sunrisers Hyderabad
KL Rahul,Sunrisers Hyderabad,"$166,000","166,000",KL Rahul,Sunrisers Hyderabad
KP Pietersen,Sunrisers Hyderabad,"$333,333","333,333",KP Pietersen,Sunrisers Hyderabad
KS Williamson,Sunrisers Hyderabad,"$100,000","100,000",KS Williamson,Sunrisers Hyderabad
KV Sharma,Sunrisers Hyderabad,"$625,000","625,000",KV Sharma,Sunrisers Hyderabad
LR Shukla,Sunrisers Hyderabad,"$50,000","50,000",LR Shukla,Sunrisers Hyderabad
MC Henriques,Sunrisers Hyderabad,"$166,000","166,000",MC Henriques,Sunrisers Hyderabad
NV Ojha,Sunrisers Hyderabad,"$83,000","83,000",NV Ojha,Sunrisers Hyderabad
P Kumar,Sunrisers Hyderabad,"$366,667","366,667",P Kumar,Sunrisers Hyderabad
Parvez Rasool,Sunrisers Hyderabad,"$158,000","158,000",Parvez Rasool,Sunrisers Hyderabad
RK Bhui,Sunrisers Hyderabad,"$16,000","16,000",RK Bhui,Sunrisers Hyderabad
RS Bopara,Sunrisers Hyderabad,"$166,667","166,667",RS Bopara,Sunrisers Hyderabad
S Dhawan,Sunrisers Hyderabad,"$2,083,333","2,083,333",S Dhawan,Sunrisers Hyderabad
TA Boult,Sunrisers Hyderabad,"$633,333","633,333",TA Boult,Sunrisers Hyderabad
